id;nom;prenom;datenaissance;tel;email;specialite
1;program Yen SMS;Sleek Cotton Keyboard;2021-01-29;purple Riel;Georgianna24@yahoo.com;Borders deposit Clothing
2;Iowa navigating Iceland;program;2021-01-28;FTP Liaison Austria;Perry.Bruen8@yahoo.com;Computers bypassing AI
3;Berkshire;deposit Home Loan Account;2021-01-29;Frozen New Hampshire;Alexandrea.Toy85@yahoo.com;solutions
4;Credit Card Account;infomediaries Gorgeous Plastic Fish;2021-01-29;purple TCP;Jace.Heathcote14@gmail.com;cross-media
5;Fresh Towels multi-byte;Metal;2021-01-29;Coordinator purple;Mariano_Yost19@gmail.com;Rustic
6;Wooden Unbranded Soft Ball orchid;Fish;2021-01-29;withdrawal;Anna_Schmeler@gmail.com;24/365 engage
7;primary hacking;Awesome Steel Salad withdrawal;2021-01-28;navigating International;Katlyn16@hotmail.com;fault-tolerant Bike SCSI
8;Avon;Uganda Shilling deliver withdrawal;2021-01-29;Steel;Augusta_Ward23@yahoo.com;Applications
9;Division enable challenge;Central;2021-01-29;paradigms Baby leverage;Lucius_Kessler12@gmail.com;synthesize generating back up
10;Home bypass;AGP e-markets Nepalese Rupee;2021-01-28;radical sticky compelling;Daisy51@hotmail.com;user-facing Rubber
